{"file:///C:/Users/Yogi/Documents":{"assets/images/background1.jpg":"OM6hTwqMAQpTVhLcPG86xg==","assets/images/background4.jpg":"UAc7kepzJPkrSn4uqTRvmw==","assets/images/background3.jpg":"sT80Y4RCGNBrSInGgrjIuA==","assets/images/background2.jpg":"mIIbxW0r7dEZSbMPwcoYdg==","assets/web/assets/jquery/jquery.min.js":"V5Dq1607onOXrt+j0mO4Zw==","assets/web/assets/gdpr-plugin/gdpr-styles.css":"VOYgtGJgcBgtTYLWCF9pXQ==","assets/bootstrap/css/bootstrap-grid.min.css":"kbYprkHMvvMG/ZJ2LsgHWQ==","assets/bootstrap/css/bootstrap-reboot.min.css":"//WhxWELTokJ3iPyIA2Taw==","assets/bootstrap/js/bootstrap.min.js":"aJXozWC2JkbOEkJgFYiPWA==","assets/popper/popper.min.js":"NiE4ESlZe/NNSKniYj4FyQ==","assets/bootstrap/css/bootstrap.min.css":"9BHBNuK7MCraISCz6x1bww==","assets/tether/tether.min.css":"YhVaOUjL8Xsb9LQHyQq4Tw==","assets/tether/tether.min.js":"PlC291/0Eo8keLHUT4D9+w==","assets/theme/css/style.css":"5RM7jGI3Ttscx4e3u9gEGg==-VITbTf54ezV7Z7I/e4lZVw==","assets/theme/js/script.js":"nHV1n5ctAaocyEn/zpqDig==","assets/smoothscroll/smooth-scroll.js":"/ilgR0JEXYwwmd70AnYqZg==","assets/parallax/jarallax.min.js":"bFQ4obzjiC9HL+BZ3/QknA==","assets/web/assets/cookies-alert-plugin/cookies-alert-core.js":"a5Y+bfBoUDXF2c5aHZv/uA==","assets/animatecss/animate.min.css":"F4tlGVjO/1VsvF81Xgi78Q==","assets/viewportchecker/jquery.viewportchecker.js":"eqx7akE+5/2dVV8+sGGcUg==","assets/dropdown/css/style.css":"s+S8lVC62P0BWFtgHpaNFA==","assets/mbr-flip-card/mbr-flip-card.js":"Wj/UO9yXsiFhjBWxpc/FcA==","assets/mbr-switch-arrow/mbr-switch-arrow.js":"4Th3/5ZljJxLQt1f3MSdGA==","assets/datatables/jquery.data-tables.min.js":"kk0iHeovuhhVioBIK7q0gA==","assets/datatables/data-tables.bootstrap4.min.css":"FSrl5AXDXZdvLkPGFlTCGw==","assets/datatables/data-tables.bootstrap4.min.js":"TmrcLj8G9kd05FKE8rk18w==","assets/masonry/masonry.pkgd.min.js":"Ug5G33dyeq89Xnme8kG+Ag==","assets/imagesloaded/imagesloaded.pkgd.min.js":"4sGoC5klG3uUcmtBMS+xYA==","assets/bootstrapcarouselswipe/bootstrap-carousel-swipe.js":"2Aa30rxM398+MLQIDBw+uw==","assets/gallery/player.min.js":"LD8pej9nbqJv1C5dclQ+TQ==","assets/gallery/script.js":"UnhQJsopcxeJLl156z2AmQ==","assets/gallery/style.css":"bVAdY85TkpWp5+JO/cIM4g==","assets/vimeoplayer/jquery.mb.vimeo_player.js":"GmfQhjxrSdOBpcDxHSmxjQ==","assets/slidervideo/script.js":"cGA+1Jhw006yyWPL17BedQ==","assets/ytplayer/jquery.mb.ytplayer.min.js":"UCqVnLtCcLPvcFiBkD5qfg==","assets/mbr-popup-btns/mbr-popup-btns.js":"6C4Y686VY3EsXTj//x04VA==","assets/dropdown/js/nav-dropdown.js":"9bGPRW1xT1/TQXobsnjO7Q==","assets/dropdown/js/navbar-dropdown.js":"4AZMGJuOfxUjEI1W5pEGCA==","assets/touchswipe/jquery.touch-swipe.min.js":"9g/wVGnRdXmW2F9BctT/TQ==","assets/mbr-clients-slider/mbr-clients-slider.js":"Awtnxok7nm3spNft5Z68/A==","assets/socicon/css/styles.css":"q91aZJ04O5rzI1nJO9PRHw==","assets/socicon/fonts/socicon.eot":"MPSJKATRK38mcvpptQ55Tw==","assets/socicon/fonts/socicon.svg":"U1iRKoyNjKeR+mUJr3QbXg==","assets/web/assets/mobirise-icons/mobirise-icons.css":"t/IrTIzfJvbDUoCV05F+7Q==","assets/socicon/fonts/socicon.woff":"5OoJHiBWPeGKNxNDiBvqvw==","assets/web/assets/mobirise-icons/mobirise-icons.ttf":"sxxNoGToYfNN/LuoyTYkfg==","assets/socicon/fonts/socicon.ttf":"IHIkncvMbBJep0Ptli4Stw==","assets/web/assets/mobirise-icons/mobirise-icons.svg":"Yp5pSlGdnLgPdQLUa/Yv3w==","assets/web/assets/mobirise-icons-bold/mobirise-icons-bold.css":"oCz4VsqVNHRevrgedUE3iA==","assets/web/assets/mobirise-icons-bold/mobirise-icons-bold.svg":"/6YZxrduGdMApfjQkLfW0g==","assets/web/assets/mobirise-icons-bold/mobirise-icons-bold.ttf":"Qvk3o2PlPgoJeppneihpNQ==","assets/web/assets/mobirise-icons/mobirise-icons.woff":"rcbBnBdGlGMmyU5U/bmzjg==","assets/web/assets/mobirise-icons2/mobirise2.css":"+RO7OxVtE1FsD/N7V3/ADw==","assets/web/assets/mobirise-icons-bold/mobirise-icons-bold.woff":"WKqhkmZeh8KpD1Tlv7dpEQ==","assets/web/assets/mobirise-icons-bold/mobirise-icons-bold.eot":"Sksg//CGhBJJQpIeycYzFA==","assets/web/assets/mobirise-icons2/mobirise2.ttf":"VMdAr7YYQ2ab9KiUyabAGA==","assets/web/assets/mobirise-icons2/mobirise2.eot":"B2EjryGRojlTpzr1GHt3LQ==","assets/formoid/formoid.min.js":"3j3qzwLV9Nl7bILSTiJhPw==","assets/web/assets/mobirise-icons2/mobirise2.woff":"xY3InaTfYGp0nlCuQBMudQ==","assets/web/assets/mobirise-icons2/mobirise2.svg":"usCYAy7QdzckfeGReb9wWQ==","assets/web/assets/mobirise-icons/mobirise-icons.eot":"d1DWj4ts/6jfjnda7g4Q2A==","assets/images/background10.jpg":"OM6hTwqMAQpTVhLcPG86xg==","assets/images/utilitydeals-logo-150x150.jpg":"Vhn+RU9H48vvg2Ts1uBmeA==","assets/images/hashes.json":"IJcUFNGlBSpwp+xYsoxz5Q==","assets/images/utility-deals-logo-75x75.jpg":"EQEetrGnu53xGXtMVDUomw==","assets/images/background9.jpeg":"+vCf5stRezpqqJdDg3i6Rw==","assets/images/whatwedo1-800x600.jpeg":"ww3GmCSsjBCop1pTc19b2A==","assets/images/mbr-7-888x592.jpg":"zTWDR6nnuOivwWEHv8Hv3w==","assets/images/whyus1-608x480.jpg":"LMr8/zYYuBytw9Ox6q7HOA==","assets/images/mbr-846x545.jpg":"dgGnG9205jX3BY7OCHc3Zg==","assets/images/mbr-3-800x450.png":"c0Y/27Qu4gCSOZRIV1WEzw==","assets/images/frequently-asked-questions-412x233.png":"0JjJmw2OcFGjV7jIAUXsfQ==","assets/images/mbr-5-800x450.jpeg":"DrHDGwPCKZkPJIcu/oVJZA==","assets/images/mbr-4-800x450.jpeg":"wOXS7IPOjTmGlZ46qyb+Yg==","assets/images/mobirise2020018-1010172020-0-6-11-32-23.jpg":"4uXa9ZA9aaYBEdRS/1JSOQ==","assets/images/mobirise2020018-1010172020-0-6-11-35-47.jpg":"QqP1/kSleG8RxAat54jXXw==","assets/images/mbr-10-800x450.jpeg":"1sjr0IkysuxkQepd+PgWqA==","assets/images/mobirise2020018-1010172020-0-6-11-39-25.jpg":"F9kKOcZfBWNffDAmo3QvXQ==","assets/images/mbr-9-800x600.jpg":"4jcXk/0/imNydjU6YzmaSw==","assets/images/mobirise2020018-1010172020-0-6-11-41-40.jpg":"KTRs+vEwqe/QQh4N2rgncQ==","assets/images/mbr-11-800x450.jpeg":"gxk2hfAAEsI5XlAAH4wv/A==","assets/images/mbr-3.png":"nTDJZll5Z2tXbe6IgohkJQ==","assets/images/utility-deals-blog-electric-cars-800x450.jpeg":"mgBQvlJN+4urSBeOM4seZg==","assets/images/mbr-5.jpeg":"lV9Pv3g83ON/OR6/Jx9kFQ==","assets/images/mbr-4.jpeg":"fHXoCtPbaxPKGvC6sh7CTQ==","assets/images/mbr-7.jpeg":"JP47nnmhgMi0SIxJC7BmfQ==","assets/images/mbr-6.jpeg":"YFlhwLTnFuDxebTA0VeeQQ==","assets/images/mbr-8.jpg":"MFB+s85hQ42OH3EKhS+fnw==","assets/images/mbr-9.jpg":"3iOfIPLK4+DWOmbKZ512rA==","assets/images/water-570x378.jpg":"U4FGkdkoiM1Cy0P457bzkw==","assets/images/mbr-10.jpeg":"CoskVRaOpRoLF4gZPMD3+w==","assets/images/mbr-11.jpeg":"XkpYW7NV9d3hDQqUwuZtQw==","assets/images/utilitydeals-logo-150x15012.jpg":"Vhn+RU9H48vvg2Ts1uBmeA==","assets/images/utility-deals-blog-electric-cars.jpeg":"QP1MLtDt7y+5tcYzoArjtA==","assets/images/verisure-650x357.png":"sJ742z1t8ySm2ygvwCt+nA==","assets/images/whatwedo1-800x600.jpg":"oF3iafdIhmvG0YdIGpotKA==","assets/images/smartalarm-225x226.jpg":"GUB81bLjEx6GqKksSLf6cA==","assets/images/mbr-12.jpg":"s7U2qDkjaWdaKkWGQW+OKA==","assets/images/mbr-1-1920x1280.jpg":"Zp8A3pL5Xl2N2PdmvStWng==","assets/images/verisure-smart-alarm-908x293.jpg":"3zCFf3InPXwF3ocvpOZ7yg==","assets/images/gas-3-506x336.jpeg":"H6oOCueX5ZnTX8EMotZedQ==","assets/images/electric-1-492x326.jpeg":"qzawXD1gnSnZ5jwjYRJ5CA==","assets/images/mobile.png":"lBXUVsWJ2Eq/bhn1nMkrzw==","assets/images/water-1-506x336.jpeg":"sCANhK6UGBE7wrz3cO9VhQ==","assets/images/mbr-4.png":"wAj/y6D8SrKfzyd67JWaKQ==","assets/images/f2-0114-london-2000x1250.jpg":"ir9ZO5eb7k/aUVnOkredbQ==","assets/images/rsz-chip-payment-1-506x346.jpeg":"/uf4bGfUaDfZuEL5qk8zyg==","assets/images/imgonline-com-ua-resize-rrqqiyzamqnmw.jpg":"Qet6FmRoDrvXx4pA0Y1Qrw==","assets/images/insurance-1-506x336.jpeg":"umYKlcTNqZqxdjCwcU1moA==","assets/images/broadband-1-506x336.jpeg":"ysPExGVtsO4tm8zWX7MNJQ==","assets/images/12-min.png":"kUTBH+CrzIECAqHX0dXSYQ==","assets/images/1-min.png":"bkfE+OAGARmUEWaBXVC6VQ==","assets/images/10-min.png":"HbqCKuoqbECiaCrVGuBhnA==","assets/images/11-min.png":"a1dcd1gUH4sNuDIdi2n4pw==","assets/images/13-min.png":"XdgdzMCKTobLvmYZIvjjTQ==","assets/images/14-min.png":"O+GI6rUOaaFVKNgPFfZTBg==","assets/images/16-min.png":"r2em1xp++YsVqXX0AqZC2Q==","assets/images/2-min.png":"fdFAlcSOHGWqti12guTNLQ==","assets/images/17-min.png":"7PoZ+RmRvlrZ9Ii15X4yQA==","assets/images/3-min.png":"aoyMihhWTbiTZ1qBqNjRSA==","assets/images/6-min.png":"WSF81/uKzEzokWfbeWKVWQ==","assets/images/chambers-of-commerce-edinburgh-750x349.jpg":"UHKUdC3AjPcKM37ROvRpbw==","assets/images/9-min.png":"Gcf/9nkZtt4DLe+3yg3eJQ==","assets/images/bnimember-240x240.png":"COK5b+v7At/gxrmJ3m/bbg==","assets/images/electric-cars.jpg":"a1l53txY816bCy0zfGROPw==","assets/images/sectigo-small.png":"Hg40mH7n8JY9YcnkyFNjcA==","assets/images/utilitydeals-logo-150x1506.jpg":"Vhn+RU9H48vvg2Ts1uBmeA==","assets/images/privacy-1200x300.jpg":"s9eD5CESm4e2u2k/D7SR5A==","assets/images/career-1024x213.jpeg":"CO7Pv1zW8sPQDat6Npnrww==","assets/images/electricbanner-980x320.jpg":"n4ChQDsyZbvAHBZhJFc6LA==","assets/images/rsz-1rsz-61jitui0izl-ac-sl1010-926x300.jpg":"ewwKU2Z3rlQaDxU6aBu8eA==","assets/images/background413.jpg":"UAc7kepzJPkrSn4uqTRvmw==","assets/images/fsb-800x800.jpg":"6KLJJrTfiuxguOG1+JzDew==","assets/images/telephone-broadband-960x440.png":"yC/Y1k9uXIc7Gh0Niwoqtw==","assets/images/background40.jpg":"UAc7kepzJPkrSn4uqTRvmw==","assets/images/tvchannel-649x238.png":"nlCLxtKC6KEz0VZ+EPg++Q==","assets/images/background401.jpg":"UAc7kepzJPkrSn4uqTRvmw==","assets/images/gassupplier-360x140.jpg":"HwJIvnp0jzz4ZLxv2GCfkg==","assets/images/mbr.jpg":"N8FP4VJt5M0N9GK4Mzypmg==","assets/images/simdeals-620x290.jpg":"jC+ZXx/+NGiImQmvJLOnbQ==","assets/images/background11.jpg":"OM6hTwqMAQpTVhLcPG86xg==","assets/images/background48.jpg":"UAc7kepzJPkrSn4uqTRvmw==","assets/images/background12.jpg":"OM6hTwqMAQpTVhLcPG86xg==","assets/images/utility-deals-electric-vechile.jpg":"uZOb2Ew/fmqV4mpNGSTtuQ==","assets/images/background14.jpg":"OM6hTwqMAQpTVhLcPG86xg==","assets/images/background15.jpg":"OM6hTwqMAQpTVhLcPG86xg==","assets/images/parcelservice.png":"Bq/Rmc6Q0IfaU/Q4aRYOCw==","assets/images/background16.jpg":"OM6hTwqMAQpTVhLcPG86xg==","assets/images/background17.jpg":"OM6hTwqMAQpTVhLcPG86xg==","assets/images/background18.jpg":"OM6hTwqMAQpTVhLcPG86xg==","assets/images/background19.jpg":"OM6hTwqMAQpTVhLcPG86xg==","assets/images/background110.jpg":"OM6hTwqMAQpTVhLcPG86xg=="},"file:///C:/Users/Yogi/Desktop/27":{"assets/images/background1.jpg":"OM6hTwqMAQpTVhLcPG86xg==","assets/images/background4.jpg":"UAc7kepzJPkrSn4uqTRvmw==","assets/images/background3.jpg":"sT80Y4RCGNBrSInGgrjIuA==","assets/images/background2.jpg":"mIIbxW0r7dEZSbMPwcoYdg==","assets/web/assets/jquery/jquery.min.js":"V5Dq1607onOXrt+j0mO4Zw==","assets/web/assets/cookies-alert-plugin/cookies-alert-core.js":"a5Y+bfBoUDXF2c5aHZv/uA==","assets/web/assets/gdpr-plugin/gdpr-styles.css":"VOYgtGJgcBgtTYLWCF9pXQ==","assets/bootstrap/css/bootstrap.min.css":"9BHBNuK7MCraISCz6x1bww==","assets/bootstrap/css/bootstrap-reboot.min.css":"//WhxWELTokJ3iPyIA2Taw==","assets/bootstrap/css/bootstrap-grid.min.css":"kbYprkHMvvMG/ZJ2LsgHWQ==","assets/tether/tether.min.css":"YhVaOUjL8Xsb9LQHyQq4Tw==","assets/popper/popper.min.js":"NiE4ESlZe/NNSKniYj4FyQ==","assets/tether/tether.min.js":"PlC291/0Eo8keLHUT4D9+w==","assets/theme/js/script.js":"nHV1n5ctAaocyEn/zpqDig==","assets/smoothscroll/smooth-scroll.js":"/ilgR0JEXYwwmd70AnYqZg==","assets/animatecss/animate.min.css":"F4tlGVjO/1VsvF81Xgi78Q==","assets/viewportchecker/jquery.viewportchecker.js":"eqx7akE+5/2dVV8+sGGcUg==","assets/dropdown/css/style.css":"s+S8lVC62P0BWFtgHpaNFA==","assets/theme/css/style.css":"5RM7jGI3Ttscx4e3u9gEGg==-VITbTf54ezV7Z7I/e4lZVw==","assets/bootstrap/js/bootstrap.min.js":"aJXozWC2JkbOEkJgFYiPWA==","assets/dropdown/js/navbar-dropdown.js":"4AZMGJuOfxUjEI1W5pEGCA==","assets/dropdown/js/nav-dropdown.js":"9bGPRW1xT1/TQXobsnjO7Q==","assets/mbr-flip-card/mbr-flip-card.js":"Wj/UO9yXsiFhjBWxpc/FcA==","assets/mbr-switch-arrow/mbr-switch-arrow.js":"4Th3/5ZljJxLQt1f3MSdGA==","assets/parallax/jarallax.min.js":"bFQ4obzjiC9HL+BZ3/QknA==","assets/datatables/data-tables.bootstrap4.min.css":"FSrl5AXDXZdvLkPGFlTCGw==","assets/datatables/data-tables.bootstrap4.min.js":"TmrcLj8G9kd05FKE8rk18w==","assets/datatables/jquery.data-tables.min.js":"kk0iHeovuhhVioBIK7q0gA==","assets/imagesloaded/imagesloaded.pkgd.min.js":"4sGoC5klG3uUcmtBMS+xYA==","assets/masonry/masonry.pkgd.min.js":"Ug5G33dyeq89Xnme8kG+Ag==","assets/bootstrapcarouselswipe/bootstrap-carousel-swipe.js":"2Aa30rxM398+MLQIDBw+uw==","assets/gallery/script.js":"UnhQJsopcxeJLl156z2AmQ==","assets/gallery/player.min.js":"LD8pej9nbqJv1C5dclQ+TQ==","assets/gallery/style.css":"bVAdY85TkpWp5+JO/cIM4g==","assets/touchswipe/jquery.touch-swipe.min.js":"9g/wVGnRdXmW2F9BctT/TQ==","assets/vimeoplayer/jquery.mb.vimeo_player.js":"GmfQhjxrSdOBpcDxHSmxjQ==","assets/slidervideo/script.js":"cGA+1Jhw006yyWPL17BedQ==","assets/mbr-popup-btns/mbr-popup-btns.js":"6C4Y686VY3EsXTj//x04VA==","assets/ytplayer/jquery.mb.ytplayer.min.js":"UCqVnLtCcLPvcFiBkD5qfg==","assets/web/assets/mobirise-icons/mobirise-icons.eot":"d1DWj4ts/6jfjnda7g4Q2A==","assets/web/assets/mobirise-icons/mobirise-icons.css":"t/IrTIzfJvbDUoCV05F+7Q==","assets/mbr-clients-slider/mbr-clients-slider.js":"Awtnxok7nm3spNft5Z68/A==","assets/web/assets/mobirise-icons/mobirise-icons.svg":"Yp5pSlGdnLgPdQLUa/Yv3w==","assets/web/assets/mobirise-icons-bold/mobirise-icons-bold.css":"oCz4VsqVNHRevrgedUE3iA==","assets/web/assets/mobirise-icons/mobirise-icons.woff":"rcbBnBdGlGMmyU5U/bmzjg==","assets/web/assets/mobirise-icons-bold/mobirise-icons-bold.eot":"Sksg//CGhBJJQpIeycYzFA==","assets/web/assets/mobirise-icons/mobirise-icons.ttf":"sxxNoGToYfNN/LuoyTYkfg==","assets/web/assets/mobirise-icons-bold/mobirise-icons-bold.svg":"/6YZxrduGdMApfjQkLfW0g==","assets/web/assets/mobirise-icons-bold/mobirise-icons-bold.ttf":"Qvk3o2PlPgoJeppneihpNQ==","assets/web/assets/mobirise-icons-bold/mobirise-icons-bold.woff":"WKqhkmZeh8KpD1Tlv7dpEQ==","assets/web/assets/mobirise-icons2/mobirise2.css":"+RO7OxVtE1FsD/N7V3/ADw==","assets/web/assets/mobirise-icons2/mobirise2.eot":"B2EjryGRojlTpzr1GHt3LQ==","assets/web/assets/mobirise-icons2/mobirise2.svg":"usCYAy7QdzckfeGReb9wWQ==","assets/web/assets/mobirise-icons2/mobirise2.ttf":"VMdAr7YYQ2ab9KiUyabAGA==","assets/socicon/fonts/socicon.svg":"U1iRKoyNjKeR+mUJr3QbXg==","assets/socicon/css/styles.css":"q91aZJ04O5rzI1nJO9PRHw==","assets/socicon/fonts/socicon.eot":"MPSJKATRK38mcvpptQ55Tw==","assets/web/assets/mobirise-icons2/mobirise2.woff":"xY3InaTfYGp0nlCuQBMudQ==","assets/socicon/fonts/socicon.ttf":"IHIkncvMbBJep0Ptli4Stw==","assets/socicon/fonts/socicon.woff":"5OoJHiBWPeGKNxNDiBvqvw==","assets/formoid/formoid.min.js":"3j3qzwLV9Nl7bILSTiJhPw==","assets/images/background111.jpg":"OM6hTwqMAQpTVhLcPG86xg==","assets/images/hashes.json":"IJcUFNGlBSpwp+xYsoxz5Q==","assets/images/utility-deals-logo-75x75.jpg":"EQEetrGnu53xGXtMVDUomw==","assets/images/background9.jpeg":"+vCf5stRezpqqJdDg3i6Rw==","assets/images/frequently-asked-questions-412x233.png":"0JjJmw2OcFGjV7jIAUXsfQ==","assets/images/utilitydeals-logo-150x150.jpg":"Vhn+RU9H48vvg2Ts1uBmeA==","assets/images/mbr-7-888x592.jpg":"zTWDR6nnuOivwWEHv8Hv3w==","assets/images/whatwedo1-800x600.jpeg":"ww3GmCSsjBCop1pTc19b2A==","assets/images/mbr-3-800x450.png":"c0Y/27Qu4gCSOZRIV1WEzw==","assets/images/mbr-5-800x450.jpeg":"DrHDGwPCKZkPJIcu/oVJZA==","assets/images/whyus1-608x480.jpg":"LMr8/zYYuBytw9Ox6q7HOA==","assets/images/mbr-4-800x450.jpeg":"wOXS7IPOjTmGlZ46qyb+Yg==","assets/images/mbr-846x545.jpg":"dgGnG9205jX3BY7OCHc3Zg==","assets/images/mobirise2020018-1010172020-0-6-11-32-23.jpg":"4uXa9ZA9aaYBEdRS/1JSOQ==","assets/images/mobirise2020018-1010172020-0-6-11-35-47.jpg":"QqP1/kSleG8RxAat54jXXw==","assets/images/mobirise2020018-1010172020-0-6-11-41-40.jpg":"KTRs+vEwqe/QQh4N2rgncQ==","assets/images/mobirise2020018-1010172020-0-6-11-39-25.jpg":"F9kKOcZfBWNffDAmo3QvXQ==","assets/images/utility-deals-blog-electric-cars-800x450.jpeg":"mgBQvlJN+4urSBeOM4seZg==","assets/images/mbr-3.png":"nTDJZll5Z2tXbe6IgohkJQ==","assets/images/mbr-4.jpeg":"fHXoCtPbaxPKGvC6sh7CTQ==","assets/images/mbr-6.jpeg":"YFlhwLTnFuDxebTA0VeeQQ==","assets/images/mbr-5.jpeg":"lV9Pv3g83ON/OR6/Jx9kFQ==","assets/images/mbr-8.jpg":"MFB+s85hQ42OH3EKhS+fnw==","assets/images/mbr-7.jpeg":"JP47nnmhgMi0SIxJC7BmfQ==","assets/images/water-570x378.jpg":"U4FGkdkoiM1Cy0P457bzkw==","assets/images/mbr-9.jpg":"3iOfIPLK4+DWOmbKZ512rA==","assets/images/mbr-11.jpeg":"XkpYW7NV9d3hDQqUwuZtQw==","assets/images/mbr-9-800x600.jpg":"4jcXk/0/imNydjU6YzmaSw==","assets/images/whatwedo1-800x600.jpg":"oF3iafdIhmvG0YdIGpotKA==","assets/images/utility-deals-blog-electric-cars.jpeg":"QP1MLtDt7y+5tcYzoArjtA==","assets/images/utilitydeals-logo-150x15012.jpg":"Vhn+RU9H48vvg2Ts1uBmeA==","assets/images/mbr-10-800x450.jpeg":"1sjr0IkysuxkQepd+PgWqA==","assets/images/mbr-12.jpg":"s7U2qDkjaWdaKkWGQW+OKA==","assets/images/mbr-11-800x450.jpeg":"gxk2hfAAEsI5XlAAH4wv/A==","assets/images/mobile.png":"lBXUVsWJ2Eq/bhn1nMkrzw==","assets/images/mbr-1-1920x1280.jpg":"Zp8A3pL5Xl2N2PdmvStWng==","assets/images/mbr-10.jpeg":"CoskVRaOpRoLF4gZPMD3+w==","assets/images/verisure-smart-alarm-908x293.jpg":"3zCFf3InPXwF3ocvpOZ7yg==","assets/images/smartalarm-225x226.jpg":"GUB81bLjEx6GqKksSLf6cA==","assets/images/verisure-650x357.png":"sJ742z1t8ySm2ygvwCt+nA==","assets/images/f2-0114-london-2000x1250.jpg":"ir9ZO5eb7k/aUVnOkredbQ==","assets/images/water-1-506x336.jpeg":"sCANhK6UGBE7wrz3cO9VhQ==","assets/images/mbr-4.png":"wAj/y6D8SrKfzyd67JWaKQ==","assets/images/electric-1-492x326.jpeg":"qzawXD1gnSnZ5jwjYRJ5CA==","assets/images/imgonline-com-ua-resize-rrqqiyzamqnmw.jpg":"Qet6FmRoDrvXx4pA0Y1Qrw==","assets/images/insurance-1-506x336.jpeg":"umYKlcTNqZqxdjCwcU1moA==","assets/images/gas-3-506x336.jpeg":"H6oOCueX5ZnTX8EMotZedQ==","assets/images/broadband-1-506x336.jpeg":"ysPExGVtsO4tm8zWX7MNJQ==","assets/images/1-min.png":"bkfE+OAGARmUEWaBXVC6VQ==","assets/images/rsz-chip-payment-1-506x346.jpeg":"/uf4bGfUaDfZuEL5qk8zyg==","assets/images/10-min.png":"HbqCKuoqbECiaCrVGuBhnA==","assets/images/13-min.png":"XdgdzMCKTobLvmYZIvjjTQ==","assets/images/11-min.png":"a1dcd1gUH4sNuDIdi2n4pw==","assets/images/14-min.png":"O+GI6rUOaaFVKNgPFfZTBg==","assets/images/16-min.png":"r2em1xp++YsVqXX0AqZC2Q==","assets/images/chambers-of-commerce-edinburgh-750x349.jpg":"UHKUdC3AjPcKM37ROvRpbw==","assets/images/bnimember-240x240.png":"COK5b+v7At/gxrmJ3m/bbg==","assets/images/12-min.png":"kUTBH+CrzIECAqHX0dXSYQ==","assets/images/2-min.png":"fdFAlcSOHGWqti12guTNLQ==","assets/images/3-min.png":"aoyMihhWTbiTZ1qBqNjRSA==","assets/images/electric-cars.jpg":"a1l53txY816bCy0zfGROPw==","assets/images/fsb-800x800.jpg":"6KLJJrTfiuxguOG1+JzDew==","assets/images/17-min.png":"7PoZ+RmRvlrZ9Ii15X4yQA==","assets/images/utilitydeals-logo-150x1506.jpg":"Vhn+RU9H48vvg2Ts1uBmeA==","assets/images/sectigo-small.png":"Hg40mH7n8JY9YcnkyFNjcA==","assets/images/6-min.png":"WSF81/uKzEzokWfbeWKVWQ==","assets/images/9-min.png":"Gcf/9nkZtt4DLe+3yg3eJQ==","assets/images/career-1024x213.jpeg":"CO7Pv1zW8sPQDat6Npnrww==","assets/images/electricbanner-980x320.jpg":"n4ChQDsyZbvAHBZhJFc6LA==","assets/images/rsz-1rsz-61jitui0izl-ac-sl1010-926x300.jpg":"ewwKU2Z3rlQaDxU6aBu8eA==","assets/images/background413.jpg":"UAc7kepzJPkrSn4uqTRvmw==","assets/images/telephone-broadband-960x440.png":"yC/Y1k9uXIc7Gh0Niwoqtw==","assets/images/background40.jpg":"UAc7kepzJPkrSn4uqTRvmw==","assets/images/tvchannel-649x238.png":"nlCLxtKC6KEz0VZ+EPg++Q==","assets/images/mbr.jpg":"N8FP4VJt5M0N9GK4Mzypmg==","assets/images/gassupplier-360x140.jpg":"HwJIvnp0jzz4ZLxv2GCfkg==","assets/images/privacy-1200x300.jpg":"s9eD5CESm4e2u2k/D7SR5A==","assets/images/simdeals-620x290.jpg":"jC+ZXx/+NGiImQmvJLOnbQ==","assets/images/background48.jpg":"UAc7kepzJPkrSn4uqTRvmw=="}}