{"EQEetrGnu53xGXtMVDUomw==":"utility%20deals%20logo-75x75.jpg","ir9ZO5eb7k/aUVnOkredbQ==":"f2-0114-london-2000x1250.jpg","w79zsSvQOJPmZo0J8nbHmQ==":"f2-0114-london-1076x673.jpg","0NxLbcw0rDFSeoucm4u2XQ==":"mbr-4-1076x717.jpg","qMmHTayu0nuJFWfNrASg/Q==":"mbr-4-1076x717.jpeg","HAtnoWhXGT1Pq7xzHesycQ==":"f2-0114-london-1076x673.jpeg","f7P5Q4ltvt7zvCW1l6BJ3Q==":"product1.jpeg","E8z2yi36JM1QPzsDys7pWg==":"electric-506x764.jpeg","O8C6SRnH4YDV2MWR1THapg==":"electric-1-506x764.jpeg","UOruzS4iV7Xbi7MPz87pxg==":"electric%20(1)-506x336.jpeg","cm3QEe90KV0iSO4BBNFW5Q==":"gas-506x336.jpeg","SrhEYS/5S7jSpAxGcmXnTA==":"water-506x336.jpeg","CAhLvEGlXQmNDlupcxEsSw==":"broadband-506x336.jpeg","ycdOQv/MsfwF+bp2au0OlQ==":"rsz_sim-100x100.jpg","wEfWDfiHKzooIUoYt6ZUiQ==":"sim%20deals-100x100.jpeg","XaZKtteMZ4W7ZM9SjwjMPA==":"rsz_1no-sim-card-error-250x166.jpeg","pfkjGw+kAvTgflrt+m8LxA==":"smartalarm-225x226.jpeg","aTs3GjBwgbVz1JdOtyAaXw==":"rsz_chip_payment-506x346.jpeg","9EcRRm8qllq+9mMe3fJr/w==":"insurance-506x336.jpeg","Vhn+RU9H48vvg2Ts1uBmeA==":"utilitydeals_logo-150x150.jpg","F+mc0DgB8lNlG9wdEFOqoA==":"utilitydeals_logo-1-150x150.jpg","pa5Dkwo/T1qgW/t0h+fQvA==":"background5.jpg","sJ742z1t8ySm2ygvwCt+nA==":"verisure-650x357.png","GUB81bLjEx6GqKksSLf6cA==":"smartalarm-225x226.jpg","ZDmKfOvrdh1csbezLCn86Q==":"career-1024x213.jpg","CO7Pv1zW8sPQDat6Npnrww==":"career-1024x213.jpeg","5aM95MB2KIdTDguTyNPnSA==":"mbr-4-888x592.jpg","+vCf5stRezpqqJdDg3i6Rw==":"background9.jpeg","zTWDR6nnuOivwWEHv8Hv3w==":"mbr-7-888x592.jpg","Jxm2w/2+uVWFFFSeaz7viA==":"rsz_61jitui0izl_ac_sl1010_-926x400.jpg","ewwKU2Z3rlQaDxU6aBu8eA==":"rsz_1rsz_61jitui0izl_ac_sl1010_-926x300.jpg","imPh2/gTNXieUpXz16Q1tw==":"mbr-1920x1920.png","+hD3qNgMIfYqNz4j20OEfQ==":"smart%20system-1164x440.png","K0veubeDA18FL0KpudMvhQ==":"smart%20alarm-1170x590.jpg","qzawXD1gnSnZ5jwjYRJ5CA==":"electric%20(1)-492x326.jpeg","SAqnCdDnTSrQHA4PDaz/qg==":"gas-1-506x336.jpeg","C7GvX7r5QCK8zYj3ne+D5A==":"gas-2-506x336.jpeg","H6oOCueX5ZnTX8EMotZedQ==":"gas-3-506x336.jpeg","sCANhK6UGBE7wrz3cO9VhQ==":"water-1-506x336.jpeg","ysPExGVtsO4tm8zWX7MNJQ==":"broadband-1-506x336.jpeg","DUt0o8JUCjxSkdY4aei4Tg==":"rsz_1no-sim-card-error-1-250x166.jpeg","/uf4bGfUaDfZuEL5qk8zyg==":"rsz_chip_payment-1-506x346.jpeg","umYKlcTNqZqxdjCwcU1moA==":"insurance-1-506x336.jpeg","KwdbEg1Ajj2NgqcYB+4wHA==":"fsb-676x676.jpeg","4zfZ8mFkz363sYAnK47maA==":"bnimembers-80x80.png","lvmuc/tv4SLFn12+3vXzlw==":"bnimembers-1-80x80.png","038DIO7rGH6hvFevloWrAw==":"bnimembers-2-80x80.png","IS/mXjamxsGOxrGgLmdO7A==":"bnimember-250x250.png","vCtGpzHlke6YmmuRZhhV5Q==":"chambers-of-commerce-edinburgh-676x315.jpg","Z+pgyX7eqqV+k9sR0gzw2A==":"bnimember-1-250x250.png","pA/h4/XCYIF/zr+3+koLRQ==":"bnimember-2-250x250.png","XMfH+xn8AstGYyHN9bki+g==":"fsbmember-200x200.jpeg","Gr67bXMnWrxVBVBc/OUTNQ==":"fsbmember-200x200.jpg","COK5b+v7At/gxrmJ3m/bbg==":"bnimember-240x240.png","6KLJJrTfiuxguOG1+JzDew==":"fsb-800x800.jpg","UHKUdC3AjPcKM37ROvRpbw==":"chambers-of-commerce-edinburgh-750x349.jpg","kJWlzwPwB7aR4+Mam6MOCQ==":"rsz_mbr-8-1920x300.jpg","s9eD5CESm4e2u2k/D7SR5A==":"privacy-1200x300.jpg","UAc7kepzJPkrSn4uqTRvmw==":"background4.jpg","n4ChQDsyZbvAHBZhJFc6LA==":"electricbanner-980x320.jpg","JZlQHaetCOriuGFonLZ/nQ==":"telephone%20broadband-960x440.png","yC/Y1k9uXIc7Gh0Niwoqtw==":"telephone%20broadband-960x440.png","nlCLxtKC6KEz0VZ+EPg++Q==":"tvchannel-649x238.png","jC+ZXx/+NGiImQmvJLOnbQ==":"simdeals-620x290.jpg","HwJIvnp0jzz4ZLxv2GCfkg==":"gassupplier-360x140.jpg","U4FGkdkoiM1Cy0P457bzkw==":"water-570x378.jpg","EfWwCg9+G3V//yLjA5/vew==":"whyus-1020x397.jpeg","pFVpQNEhpyV08wzYxlCabQ==":"why2-240x172.jpg","3gz3qj6wHmAmnczkUUe/mw==":"w2-1020x574.png","ww3GmCSsjBCop1pTc19b2A==":"whatwedo1-800x600.jpeg","LMr8/zYYuBytw9Ox6q7HOA==":"whyus1-608x480.jpg","oF3iafdIhmvG0YdIGpotKA==":"whatwedo1-800x600.jpg","sT80Y4RCGNBrSInGgrjIuA==":"background3-1.jpg","7A6MTaLhSerOWmONAmJnTA==":"frequently-asked-questions-260x147.png","HdtlvlM1nT2CksDlCZ6sIg==":"frequently-asked-questions-1-260x147.png","+T5i89WWzo2TPNw4iHf1Ew==":"frequently-asked-questions-2-260x147.png","0JjJmw2OcFGjV7jIAUXsfQ==":"frequently-asked-questions-412x233.png","b+8n0zwH3uZ1RSx5Lq3wxg==":"smart%20alarm-1170x590.jpeg","3zCFf3InPXwF3ocvpOZ7yg==":"verisure-smart-alarm-908x293.jpg","GBjV+7q7G4c34CghmwIb2A==":"tv-1280x853.jpg","Fl97hoAcWf/U4IMDhAB2AA==":"tv2-1280x1280.png","j0amdIEwZZAQQ8NRgGmB2w==":"tv2-1-1280x1280.png","2lH9RIhWW5JaRninBta2Og==":"tv-1280x853.jpeg","QVk4J1yFa+cvVgbPz2vOlQ==":"tv-1-1280x853.jpeg","5BU6GMsjztFTvoTJ4r0FmQ==":"mbr-1920x1280.jpg","mIIbxW0r7dEZSbMPwcoYdg==":"background2-1.jpg","a/BaFKiwSB7CC406EGig4g==":"background6-1.jpg","dgGnG9205jX3BY7OCHc3Zg==":"mbr-846x545.jpg","XFhjI3ziSWZ5/mtx1ARD0w==":"retro-television-1280x1136.png","LWGYWLnpVLLEZU3s7xWZUA==":"mbr-1920x1705.png","DrmaRnhxp8qfvjaC+BNYJQ==":"mbr-1920x1578.png","Zp8A3pL5Xl2N2PdmvStWng==":"mbr-1-1920x1280.jpg","N8FP4VJt5M0N9GK4Mzypmg==":"mbr.jpg","Vwn3wcCgwZec/CYGzwbXoQ==":"mbr-2.jpg","cHxS3w6I9q88/yrTri+Bkg==":"utility-deal-broadband-provider.jpg","fOzzoIk7akjvJU7gRr9BDg==":"guide-switching.jpg","TXCTlq4H5mnxj8SQq148QQ==":"future-broadband.jpg","w6DLRt3NXrRWnAZ/dJM/oA==":"future-of-broadband.jpg","5StsHlDAu+Zx4bK6x5KR7A==":"mbr-3.jpg","Miox/p7s+126f/qcJ5z1wA==":"mbr-4.jpg","FqB7PpLFFxToExrsgu5BKA==":"mbr-5.jpg","Tj6eKOI6ISmIJEjeuJVJoA==":"mbr.png","tKXeUfdjFU2L3s6BWQCo+w==":"mbr-1.png","G1SaxYN64QjfKHcV2r15sA==":"mbr-2.png","nTDJZll5Z2tXbe6IgohkJQ==":"mbr-3.png","lV9Pv3g83ON/OR6/Jx9kFQ==":"mbr-5.jpeg","fHXoCtPbaxPKGvC6sh7CTQ==":"mbr-4.jpeg","r11GsiTD6xwtH91vSAOkcg==":"mbr-6.jpg","YFlhwLTnFuDxebTA0VeeQQ==":"mbr-6.jpeg","4uXa9ZA9aaYBEdRS/1JSOQ==":"mobirise2020018_1010172020-0-6_11-32-23.jpg","xVFjaTOXYZX6AQmV8k6xPA==":"mbr-7.jpg","QqP1/kSleG8RxAat54jXXw==":"mobirise2020018_1010172020-0-6_11-35-47.jpg","JP47nnmhgMi0SIxJC7BmfQ==":"mbr-7.jpeg","MFB+s85hQ42OH3EKhS+fnw==":"mbr-8.jpg","F9kKOcZfBWNffDAmo3QvXQ==":"mobirise2020018_1010172020-0-6_11-39-25.jpg","KTRs+vEwqe/QQh4N2rgncQ==":"mobirise2020018_1010172020-0-6_11-41-40.jpg","3iOfIPLK4+DWOmbKZ512rA==":"mbr-9.jpg","7IqLt0DQmx5AeKrI1bSm/Q==":"mobirise2020018_1010172020-0-6_11-44-29.jpg","REPsG4hoU56yd9Des8mP9Q==":"mbr-10.jpg","/0uia/I5hk+jOLER6JlpcA==":"mbr-11.jpg","XkpYW7NV9d3hDQqUwuZtQw==":"mbr-11.jpeg","CoskVRaOpRoLF4gZPMD3+w==":"mbr-10.jpeg","s7U2qDkjaWdaKkWGQW+OKA==":"mbr-12.jpg","wAj/y6D8SrKfzyd67JWaKQ==":"mbr-4.png","wqvt4a9g9YrenNhxbzDWmA==":"smartalarm5.jpg","2CrY7Bm7zoK8T92Vc9ZMbw==":"imgonline-com-ua-resize-7jdogvpagd02i.jpg","Qet6FmRoDrvXx4pA0Y1Qrw==":"imgonline-com-ua-resize-rrqqiyzamqnmw.jpg","lBXUVsWJ2Eq/bhn1nMkrzw==":"mobile.png","xbo2muhAQaWrvV7zGUGs5Q==":"mbr-5.png","3v/CbqyFe71jtTFxsqJwyA==":"mbr-6.png","o6C8b1xzl5dSVpTdsdC1uA==":"mbr-13.jpg","Bq/Rmc6Q0IfaU/Q4aRYOCw==":"parcelservice.png","Iz1mJwOWoMZJAwbeelFiXA==":"rsz-sectigo-small.png","Hg40mH7n8JY9YcnkyFNjcA==":"sectigo-small.png","zx8AOLnX/7gmxtc+rTKhag==":"1.png","3FFQGnIpE56SBH87xaM8mA==":"2.png","sxIcxD/USf/nIy8SxMph1w==":"3.png","iMlXpHpvi1Y6OUoTj8b7cw==":"4.png","RVsUQCxEJKtbif/IWsGQlQ==":"5.png","flYz8RUB7uSVtQBSrXCc8w==":"7.png","/1dFiXnCf0SXYBLg0nPCKw==":"8.png","opRvARxUaSYIqie623lSyA==":"9.png","jvTKwWjiUuWv9qCWrKA5rQ==":"10.png","/aSS2jF80SitrSQ6tj2fnA==":"12.png","0kZkS24V1UcoKTh/pRdsFA==":"13.png","JgrXcwsdjBn74dXYlLY5Vg==":"14.png","nfaRV8kxIAQE2WltzlpyMA==":"16.png","QRWwi8UI4y5nEPA31un/zQ==":"17.png","6YkEpbMNMizgbEKS0occ6Q==":"mbr.png","74DJlXsDduTqGIYYljxotA==":"mbr-3.jpg","VoEv1r7YsL7wuY9IV1VBug==":"alarmbanner.png","p+sFnsIZ5IWQFdaiL+vHqw==":"rsz-alarmbanner.jpg","kUTBH+CrzIECAqHX0dXSYQ==":"12-min.png","bkfE+OAGARmUEWaBXVC6VQ==":"1-min.png","HbqCKuoqbECiaCrVGuBhnA==":"10-min.png","a1dcd1gUH4sNuDIdi2n4pw==":"11-min.png","XdgdzMCKTobLvmYZIvjjTQ==":"13-min.png","O+GI6rUOaaFVKNgPFfZTBg==":"14-min.png","r2em1xp++YsVqXX0AqZC2Q==":"16-min.png","7PoZ+RmRvlrZ9Ii15X4yQA==":"17-min.png","fdFAlcSOHGWqti12guTNLQ==":"2-min.png","aoyMihhWTbiTZ1qBqNjRSA==":"3-min.png","WSF81/uKzEzokWfbeWKVWQ==":"6-min.png","Gcf/9nkZtt4DLe+3yg3eJQ==":"9-min.png","a1l53txY816bCy0zfGROPw==":"electric-cars.jpg","tHmo8jwmWnr0ANTdF6z4Ww==":"utility-deals-blog-electric-cars.jpg","QP1MLtDt7y+5tcYzoArjtA==":"utility-deals-blog-electric-cars.jpeg","uZOb2Ew/fmqV4mpNGSTtuQ==":"utility-deals-electric-vechile.jpg"}